vault,name
0x2aE8f73e7d554AEBC20da380679d6D924EBAdddf,chima's Vault
0xe9202B2ad3F39801260e1a9A9f6e747251FF1842,ardavan's Vault
0x742182fc7b3Ca5Ab1aF410c9d9F0D330B3991a41,CastroJuice's Vault
0x0bcA5B4D497367E3fFCA98b5EfE7E35D51f574CA,HaderJaeger's Vault
0xB66a8bDA9d15C6b56178796eC95a00Acc5E68637,PaulMoon's Vault
0xB18cFe3C78E2b795628B74667EF8153956dc0380,JackTuber's Vault
0x413d4577fC74a20aa4EE2cDd8bA8FAE7A66F51f1,Lolamewu's Vault
0xe1F63fb5BD9437C11E93e406a370e621c0Af7D9a,Mahya's Vault
0x70b227D674c7996717d76862310afD3f778d9752,IggyNyx's Vault
0xCbaB1b7dF7973b0d0B90858Eead6b084fA31CF45,arijitworks's Vault
0xa1Ce4f6f0A6cFB3a500e46476BA266d4D9C92a19,StarWalker's Vault
0x6EAC9E9BbcB02dC586E368e952A44292A2b55Fbb,Kafani's Vault
0xB568f730D48393C93A9F090f329ec0aA073a8Fa5,matheuspaice's Vault
0x807Deb119Fa699217c7b4aACA2A3dfACA7c0AD73,SpiritualWarrior's Vault
0x449A018F46F371b62f8959D76547f1F15EB6A115,Helenka_arts's Vault
0xfb60C49bE9015457f8CC298d5233A5622AD97628,Moondust2010's Vault
0x7Ce237d5Db618C9e546Cb13698e574a86A1Da939,aathira's Vault
0xFBcfb99d6add34A1472499f8C8608cf28e6fb994,ngunezi83's Vault
0x4e1B0459f08f7Fd5f0c2c0337848E7EEdd7AA697,Mario_Blockrock2024's Vault
0x86eC562cDf3DE5950079B41C179178D7C885Bbc3,Cryptomat's Vault
0x9cC5b4F5ec77805bef7F8DF4781d58278338ed3A,Art's Vault
0xFFf771938E02824D34477E377e27e81Dc32C2757,CR1's Vault
0x239C140E7D5b2c085B60Ed6Dc7Dd180FFEB7AA4b,TIA's Vault
0xAA4ff5b2c25F2933a741f28fAfc319b0894ee22b,Bavarian's Vault
0xbD624FD0D6C98cBB02fdb8CdFab1Dc547A4Cfc51,john's Vault
0x5bf752A6dC082Af3F2459BaCB1fA02aF6C8E8753,bellinahh76's Vault
0x7a4C72d362DC90916e56734205c4eB78B40303F6,cheezarts's Vault
0x1f60046026f5009068674A38e86118Ac8aF72A49,mrenah's Vault
0x513c2dB87Fd2E76DBa91F3f23286903A686F7936,Step_7's Vault
0x576DF1924E5CDE79Cc4780Bd781F98aB15200578,WinCC's Vault
0x63baC6F143de7409F7cC167a5a7BE4f1455405b7,Intouch's Vault
0xa80c7Ae9FdEcfb041b052289062B8438327AB786,Pumper's Vault
0x7A548b28601c85459f20BA076aeCC4182fde4574,Ganish's Vault
0x0DbDAdebF00dA7f9BDC7Ed810C5E0Ac9CfE38acb,Baboon's Vault
0x751BF96dba0cc76CfC72D47E8CDCd9044517A8d5,Trainstation's Vault
0xF30d24F82a522DDE5171508fe905971517Dfd805,Hunter's Vault
0xbC5f080c5Ca244449515CAD865107b3acC020AE9,Racing's Vault
0x2B5f03BD6b54eae9Cd656427A367a229c4f20b77,EM2024's Vault
0x5BbcE6EB85ffAD84B27BF166A4399f9C639836d9,Invasion's Vault
0xCB3cFf608Ff43410Ad0E566655c4627Fe7c2E583,BTC's Vault
0x06ED291bFdE263c1F49B8102ceC31fdACEDbE8a2,Zeus's Vault
0x9762aF53EE56E9B5832757eEFFdDA479Df1d2226,Hkhupe's Vault
0x37276C2A6DC6e196748aDB425208BDBC28613803,C1's Vault
0x5468F0F3c5d26bA3Cc946CBbF42e782A4d788FBc,Tedyuu's Vault
0xcfa21035abFCa5175206c3e1389A1C6a915F46e1,anjali's Vault
0x57A98fc23B4345eB83d0019794c482214CD23098,Selvi's Vault
0x9262c46a7440E943DC665696b31DE66Abc75BbB4,gekkepeter's Vault
0x8e4a096DD175139848D3f8Eb80f7520c17B1AA1f,VJ's Vault
0x0D0Bf43dA559DB9F608E9FEB0bb7011548460e7D,Influenzeaj's Vault
0x4fFfccA043100d9d1C829ECD36b7BE8Bab8F5544,Joop1337's Vault
0x04C0CD2FB18a565721106Fc1CAb3D3663Fee4c16,Remko13371's Vault
0x36eD9e6e88bA3b0e2461dEA5a4F588eF991687c5,Gerryweber's Vault
0xBa93e37EB73e75dE9DA1D4F3468491329b545cF0,thijs13371's Vault
0x8d533f42e8c3B64AA6119e6a33baE543Cf5f00aD,Highflyer's Vault
0xC714CD68f071782d714cE9FD160720448bF1Aa13,Peter's Vault
0x15Eea8BEe7B4757d6fF9eD518ec356639Ba483df,Vino12334's Vault
0x2EDcaF60051184F09B13d140ee57aF32157e7244,glimsy826's Vault
0xCe268357a6700611729BE3A5643725e6472FD4aD,Bheki's Vault
0x507F08BDF43F316525D8493902959193AeDB5f35,smart's Vault
0x4863E7706F90015F44986E080361Cea604F33f5C,snoopyyy's Vault
0x368959912e54c1f031FB0E494088A178660c1ee9,loggygreat's Vault
0x2AD59d0bF13E1B66126F1A55a8d8F5F4bBd1aa09,daddycool's Vault
0x6327d4F90C8AEe48beA3121d28E7f0607Dd07B39,Rhada1881's Vault
0x529642Be27C76Dc5F198c10DC64dDF207e6Fad61,Wimmy70's Vault
0x707160F1752883CF677Ae9b71E98D83e0F75C91d,Casino's Vault
0x0206A5Fb6d34c5ED50beC53b3c5c4e514fDb9788,Niceart's Vault
0x5Dfea0eFd5a443d2CD81017bEB0019a0BD7D2291,CokeFloat's Vault
0xF32F4b05bb76FF9AcaB8555CFFE9386B9D2c0160,Lunaangel's Vault
0x22d5d929cb5e372b6dC0E70abdb47c50Fe218078,Rore65's Vault
0x2E335617ab678FB543879E4fC5D9c9319A0b7A23,Jeppeuni's Vault
0x29848510f40daF37A04B8fF3aC907Dc9BEEAC7db,Communitybet's Vault
0x0748C67764375ACD326028E79cE8b0F2702B1953,vincy's Vault
0x7eFB2D16d4c2fB473A342173486C96621a2e3728,Lion's Vault
0xAc3be7F86D0525A999cE2d3bB7358F9a8b57828a,anton_plotnik_off's Vault
0x857B5b1eE5dB4552640a60E453790D97a658eF6C,devi's Vault
0xB0da6D10287aED210Db86E6A6B9E64928E1655B9,Mystical's Vault
0xDD2c60AA64CF7EB5C5c58E9b165f62a574899BC5,Freako's Vault
0x962Ca82945509b5c521eC87dee2eD22C0E96e479,Yoehoee's Vault
0x38Ceb9D1B39653a03fDFDa77a6D3B059b19f708E,confused123112's Vault
0x9653Ba6bc21d821D5eF8c185e72d6f78D8a8DBdd,barrybatsbak's Vault
0xb7C20eB0ede80e8BDE8a8e4F2644629062541Bdc,Henryfader's Vault
0xA1C941FACe0E6c9d0a0b6E93433538ee5ca6a59F,melissaaart123132's Vault
0xB856bbd468633a43e598418647a3b1062a0fBf66,Flowerpower's Vault
0xE1c269BF1E343560A102a306bFEAE2E56F11a759,Futurerapper's Vault
0xb6250638cfa5D40D93fE43Dd6C372E61B8043D69,Nick's Vault
0x5d6B69f4D6f25EBB46a629B79912b0359549Ae19,Ferdinant1's Vault
0x910a49d0Ea36CD50838D670Cb875E16d6b105f95,Rubenwest's Vault
0x2d99C2e66E52567ADab2b5839c6Ed8B6866b8c16,VrijSimpel's Vault
0x8db0A2A486C094D84DA9d28845fc477d17451534,DeadHorse's Vault
0x4EFb340831B0F3B5810B12633DFf178916c0D97C,Esmeebih's Vault
0x1f03C1557a4FC00aa3BB0fa26426F35eCb1C2570,Ironjimmy's Vault
0x56666F7C4A509307a91E4703222DefBaF65a0412,Glamrock's Vault
0x5594a81887787D064308AcfAC97AEcbC30f797F3,BilalMadrid's Vault
0xd8A44Dc451A991302103e0355393B9B9f4CA4a91,Laracro's Vault
0x48aB03276504C7FDbF9cc8442E1E543a0479bb54,Cutegirl772's Vault
0x038661Abb112c4a0A2F4Fc17354BCB0f748c6531,HamidB's Vault
0x7615b2c2CDd1d4744569273e95aB37E87483DfD6,Blacklady's Vault
0x23F40fb3829cD22d4712Bcd3287118A31E8ee9E7,Cybergirl's Vault
0xe186Ee06dF92231841DFc139A46dd679A2E23C04,Peterkills's Vault
0xCAD907437fB71458E9D832b4743BBBc1e70120d6,BonaFide's Vault
0x0cEF8Ef5Aef052f0CA5baE834b55CAb895597275,BramKors's Vault
0x4Fb799E18428F8D8BAB39ec1Ad82f90455856346,DamnGirl's Vault
0xB2978Cc616720f27e8DE8A9EA5C9509c1bD37729,BerlinArt's Vault
0x1aAfc72FeA8f575D58586d83C6E14315e2E86c74,BBENES's Vault
0x825A679699A02eD0b98718f91E264422A1BD7Eb4,MandyEuropa's Vault
0xC0DFc69253D037F7Ba444D99715623BccE3f167c,Donbosco's Vault
0xbf92C59998e325e6E368fc837EFC4FC2BCde2eE9,Handsome82's Vault
0xC6a5556E75f76acFDf8a6Ad2177417C01D1BB393,Robogent's Vault
0xAB054235bF7dC9d818C2fE0E29542DA965FBb8E7,Justusgirl's Vault
0x736A8ab77cB45b31937D895B7977C8C7079A2F90,Gertjanverbeek's Vault
0xa8527a80E6005e609041Ff4611B5aA16FBcA3Cb8,Sunsetgrove's Vault
0x3693a234A7E69AefA55bdBfDe00468d25205910B,Hiroglavier's Vault
0xcAE75Ec5e849d1955F8e8DBbD0b483FD726DE07c,Ginsendooo's Vault
0x284a0f9906F4C3dE9EaCFCDAEe3B9a6B970DA919,Headyfloozz's Vault
0xDE6ED6a4006Da06CeaeB67d440e3F2E6d168D232,Younglady's Vault
0xAd713728541429bcaDC5bf3A4966d9D9abE76E27,Noahartist's Vault
0x4f1a45528238c4405176Cf0d502224E0cAD8c539,Manolis's Vault
0x10E388DB22C119b0D72A647A72e8a32eD2B4557e,tiofunny's Vault
0x48092f9E55f44529f8A9287D7Bd20cC29acF6f47,Redtwin's Vault
0x8D82f9F8DfaC27Ac42fd33C14f25f6Ece067d20D,Greengilly's Vault
0x453139d7F6225d736f257939A590E32C63803dC5,Flokigirl's Vault
0x9A04610Df502e98041298DEb734Ab266C543D9E8,Zicamuu's Vault
0x7f3b95E325d476A8822f6A41EDbd1E852d96B6c2,Frankian's Vault
0x6fe1b65451cD2Fb62F5802ff1EBD4d40f4d4867D,Soultus's Vault
0x7262489f7add27Ab56c66faC3f6d7fd791889017,Artistas's Vault
0x3598642567929B5fd55847809E11b1DbC04EA4B3,Nieuwenhuis's Vault
0xE7547845E6809FA2ab88877168d257a9f011686E,BeFunky's Vault
0x5FFE4e5416Cdf7e4cE836bf9CBb2200F240Cf24d,Artfinder's Vault
0x79764F9356807786e6c730A818D9fdCD6732c8C2,Badr's Vault
0xCA606E876e26070Dc9C3b9050409F585D7381909,YassinArt's Vault
0x7a0428C7C92a9861E04Fc5cAC7487aCC0541A1fC,AlexComplexityy's Vault
0x6213f7Ae84A98828A8954e852f9B1c2AD47079d5,LissPhotograpy's Vault
0xC3EcfD495794c2bf859cF9395477542FCe7dA4B1,MysticalEyes's Vault
0x70D821f81fbd80DAcf7517F93772500CD3161dBb,DBILGIC's Vault
0x5f16EAAA4d890bbe2f2F91D1B0Cb3abA591B500F,JJFotography's Vault
0xb2EA7486399B9D41e31770EF2Ec59f876d07F784,Lelya's Vault
0x3A429598D49CD590308fe049c6EAc2f85FC6cC27,Gereygaye's Vault
0x3d64AE0d1cC64ad4D7f781e1eAEA81abcbc33407,Jennyblock's Vault
0x76f6449B3Abb4451dcbE725340936Ba785E5C0EF,Builderlize's Vault
0x3525eF4881c0fCD276Efe54B980671e131577e50,NinjaTurtles's Vault
0x9DB2fd5f371966cD7142d948fCF06249D4774202,PomeranianDog's Vault
0x7e3d105A4b730afb3F6a783EA4AA10252590c126,Oboijau's Vault
0x5ede6D3232cebC7763Fc104F04E80c699Ec16B33,Gwenstef's Vault
0xd7642De4c191Eb32815B1E939F1E6242e75236B6,Digitalhamburgerart's Vault
0x3B28A13d9D688BDa79A97f8DCDaf48AB2A3f3E33,Groomjust's Vault
0xFb9fe9a9e028682a8d754607EEB2065B4E925bA0,Goldungun's Vault
0xCFAe864797Ba8194610E9F111d123D0F4D29e8A6,TheUnknownSpectre's Vault
0x89d6a4B4113674F84dDbeD56E50FDECC4dc18571,Gekkehennie's Vault
0x3568B83b45ad92A6ea190c6408d9bD516A7979F3,EarthFromSpace's Vault
0xA395b6f91D4279E44A08cE914D80c9D31bF23A37,WolfsLover's Vault
0xA6d05CdB3Cb19D7e1ce1320cA921626BAC054aD9,Marble's Vault
0x04e94a3Eec6F2DF3A93daea72c0864F403F1Cc2a,ExoticWomen's Vault
0x377249C491a6a997127ff4cCb97137DFc435773b,FlowerGirl's Vault
0x1684fd5B65Fcc7b54457F38dacE3E042192E6920,daenerystargarye's Vault
0x4FED3D6AA1DA68bfD5F606Fbb3D25cc38E3DaC34,ColaArt's Vault
0x2510cE4B2A57Da2eC2b63E5fA766Efb438e61165,Beastmode's Vault
0x36682B5e172578146dAA7F07b9A7046D7d1d592D,NatureDesigns's Vault
0x07D4BC1d9c154d318a816420dCAD4cc8f17352B2,chibimica's Vault
0x8ddb4286c91270f153c3282b6C7a926eD5847769,Hannah's Vault
0x4954D9A534b51232E99491994D1008E89ae6E10f,DestinyArts's Vault
0x249d8978C784E9B947D7Ed991356180ca3eE2964,Tompast's Vault
0x0148B62f90CE4D6bFF4A584f17Bc00443E3747F6,Kwastenlo's Vault
0x0E5DD22179f45Da96c8442B86De042756Baf0CB3,KennyA's Vault
0x3aD68cc43AA39d7FD86d15C01855c9409ffbBe41,JamesHoge's Vault
0x86f03c3aC171d2ac290022b66f190fB8d4ec16AF,Florisje82's Vault
0xf4a9a17e5a539c2854b5775008304b4ca9C966cf,ConsignAR's Vault
0x8b2EA0a5E1bE6f9eAa00095Fd69265f39Ed29e36,Zombielover's Vault
0x8E01fbB682e8DD15F4c7cB4dC0E45FEDB0FbDe8a,Maddysart's Vault
0xF28F2C7A606fb4AfFB50aB9cDd683A652990353d,Lightcrown's Vault
0x10275F260b13A22fe660516703055F8e82A40839,Herald's Vault
0xE689732aa79B775644EAc5833F429070B526f457,mostyk's Vault
0xB2F999Fb9072E56e4dcba154d41f7838b98ef181,EhsanDabbaghi's Vault
0xe8e1d1E1C645C1F42719448728936558477c6c88,SandraBlow's Vault
0x8628b22Ad53f701E5dF2bF4fFcA7BEA2D667ecFC,StanleyD's Vault
0xa45A708bF39f81Ec80E05b21d7A091695F4E429c,mthandazo's Vault
0xD356db52C929c487352BCc364AFa5cA94fe54962,Ndlovu's Vault
0x260B892e0B78F8772Db4118407760De6737FE716,hamedabdalla's Vault
0x113dDcfe6Fbc9b1E60967034d9B51CfA4D1a9415,Ronaldhunter's Vault
0x723c43bB3782AcB5A8249869B2aD51babE566F96,Annasidi's Vault
0x33B5254aA91ba926CD1CC93F46066808402A5448,emmacownie's Vault
0xfFc67442E7684b22639c76761e73a3b206207113,scottbullock's Vault
0xb3F5B77Ffe2a4BdC9a7dff288828A8836eF21E2D,Davidmcleod's Vault
0xA33B413DA8ed2f8a9F339DC2213F33E0d3F0B70F,StephenMcmennamy's Vault
0xCb0D7Df59D97647e8Dd814976CD0BBdBDE5a74D6,AlbertoSeveso's Vault
0x53878dc3b67628c0d338cA38969e376076c74c45,NikAinley's Vault
0x315389aA2011E4820f6b8bEDd92A410916f71623,james's Vault
0x43778a92Dbb0537c2E96A21CbaFB5e4e05bF0A28,Lorraine's Vault
0x30693C4Fc9c899c563612f4014Fc97b4e534a93A,berlina1's Vault
0x564c1cC3757E97a03b0Db4cd6cfad87Bcace1664,fibionm's Vault
0x78EACc5A820Fbade17Ba4E2B7b844181112b4CE9,vimchl's Vault
0x37D0F4611C3899d0E0Da1BC59031139a00CDA428,YuRenTseng's Vault
0xB18FEcaAf8FC6368F428187FA84a71C36b65BB08,BiTan's Vault
0x366Ca46cC3f1cfC700B9FE8b895f561c2ECCe5Ce,Lenaiko's Vault
0xa26Da70fB3533a6f583b5f6dC14e314908E23622,TP's Vault
0x67152564FDD359B89C3826cF587A5b32E344a728,ksumishart's Vault
0xCF59f95348Cc0289bA41ad75347969c77511ABB2,AbigailLarson's Vault
0xac7037c2D2F4aE833ef5396668432285A89cfbFB,Priya's Vault
0x2467Ffe2608eBBCdD569324B6783f8e654363611,Guerillaam's Vault
0x049462e6Cdf3F0AD47858Cf38C2e313C9FBCEcA2,1yearmission's Vault
0x476B3d65908eC4A1b9Eb39040143D55a9262b1b0,JasonNaylor's Vault
0xa3b468cDEEa2D5123280926Fd493064754840237,Miasmaticart's Vault
0x6162639aBa28D28548fb096d1a08BA55f775Ff3F,Thealexrossart's Vault
0x13825e4f2799fd8B3e50b4d1216d0Ee484529378,Pinebones's Vault
0xdAd75E20dd22FA1c2ac4eae02d8Da49f67BEBd3F,Thandiwe1966's Vault
0xA2Cdd4da7c5e332Cc666F886e59A79C4DfbDB8F2,blackhydar's Vault
0xe2b584B9f2e3342a6323cb55aCa28870841d7C53,Arnabp7's Vault
0x6cE8dA35aAF9002A9a8B9a2CC52B1F7aDafD57c3,bello_dimitri's Vault
0x9Aefcc503BcDe477CD9cd296d8e9d5b1e4DAEeaD,Tenmetsu's Vault
0x70180af9F8c8f65130033F8Fa29D3e2143199ABA,Johnfoster's Vault
0x7391B1B3103bd0F31EDDB2034e97AC0930e9E8Cc,NathaliaSuellen's Vault
0xa0bbA77Fe46CD9e8D8b8Bd9E0f5464B116860c28,Sarart's Vault
0x4b9Eec4cD6c4d524cb5e5944089F3BDfaDEC4Fc6,RaphaelLacoste's Vault
0x0F0686dABe93021AA64354bb24FEAd5E6bFc20b1,ToddLock's Vault
0x44cEE7a3c761Ae6f6e2A90eF5066636B1D95Fd90,Loish's Vault
0x72949c5A85032ADA5597E2662291eD648128866e,KatePfeilschiefter's Vault
0x95718820d7FA1002802Feddd609a7e51229B50B0,visual_Salman's Vault
0xCAcbE20cAAA758CbF919F865A8EC79Cdc9dFeEA2,Noahbradley's Vault
0x8E661E3a2950A0df414cd2dBD4138beb2Bc82Df2,orenji's Vault
0xa4C4217b0821667a7A401069751dc17B463d0cAb,calumalexanderwatt's Vault
0xbe1f3971bF8fB8cD999770d06BC69825F986ceC0,pascalblanche's Vault
0xfe131B062000A7EAA008A88C747FeC4176522280,jeszika's Vault
0x0b55440A80A35c989bBc7c5Dc402e98A611F4B94,angothemango's Vault
0xEe316dB264BC605DACa5EA6e432907EDA6c6f353,mrenah1's Vault
0x18852dE42fE6F5D08Fa7c3a3ac209DfE7Ac0eD68,deivcalviz's Vault
0xcff13d05cdfc643962721C5eEf0d09669A03052a,Chauvet's Vault
0xbd2d7E244871A7AD06dB72B821cab64ca9486605,TheArtPalette's Vault
0x2CdE5075021e7381eD17a13F433Aab83Be6ab693,MichaelNelson's Vault
0xF0130AdfAB490590E0c868e7D634DcBD8fE1eeFa,Snailcrypto's Vault
0x7e2b7ef2782e261A7EF36e72d884161973be1863,StantonFeng's Vault
0x63df314364448D29086a65051333F7b1c467FAE1,NikjasAdam's Vault
0x8D0D9DC0B8a7042F44E1F8d65fC6c316795de6b5,DangMyLinh's Vault
0x925906A7A3F88982947B76F625B3216639497c67,Molekane4633's Vault
0x85FB6e152Dfaf87047D77711277F2d8763Fd3141,pearl's Vault
0xd83b6825014c6eF47899Ed2074C093e5fd204231,Mbuso1's Vault
0x803a71c88D4d5b904A452E05C4b0b94D5e87b4d1,slindile87's Vault
0xAC35e289415441C3459841a474178F7BE4634fbE,JTMoore's Vault
0x3ec540Ee03D3DF27670580425DbD3435fB8b7Ea6,JPark's Vault
0x5F908C64d9Bb18AD14fBF90b564b8adA88476475,VenuAria's Vault
0x21053f559006E197Eb2A454aC038819d320c910d,020's Vault
0x32DA48f75988cD312A787E9B39B87535c48105fB,usha's Vault
0x9C40670F57a7D0e6E97bD77fd204Dc5be597F8eb,Fuzzytues's Vault
0x0163c7c4c12d2A86184F3fB2dcbEA6f666a13a3F,DKochergin's Vault
0x75E27A3dD4D6D84A4f6d11944234080962Ff6d26,luluchen's Vault
0x03C7752f871387F0ec18daf8dFA81cE8eac0A636,AlexisFranklin's Vault
0xF384FBD016eB53473e35cEaee576f6DE220BBB15,KikoRodriguez's Vault
0xC19656DA0bc36d9D478d13084dB6D15be1a7354e,EkaterinaSavic's Vault
0x7e99A7B490474842DbcA7e990e36518B56022a33,PawelNolbert's Vault
0xE4378ed7546c8D5a4aED851d5042ADdDe94e94da,ViktorMillerGausa's Vault
0x6614758492a132766AfeEb1948F903fD14BcBCa1,Brianmiller's Vault
0xEeb2FC931659361e085c834E4B3ec045D34Ccfe0,Tapiwa's Vault
0x01df9e6DA90ea29C5ADb3e254DF92f8D9e76EB20,Maru's Vault
0x896360D368De5c92E1a5ce3132CD98567D4Fefb6,Yagama's Vault
0x3205878954C7ca9010c16Fd4569a88cf210727Bf,siyabonga's Vault
0x79a70ff624341a38701Ea9146A3265ED8CBaDF2B,virgie's Vault
0x9c84969B8d09ee56eF974dFDF3A9c3427824aDa9,Sooria's Vault
0x47E37Ce1002Fa3772aa28D05DeFc37F7A126bB8C,MKHIZE59's Vault
0x4aCd6Bb96de7b2e9a80b385F29387B458a8a6bFd,filiphodas's Vault
0x5e973951b9C4f812B874996F9c3fa238Dd257563,smgubazi's Vault
0x1B6ce5cCB7E7dd6ae7f719c3492Da00a06469Da9,mikewinkelman's Vault
0x14Efa12B62A4e8556d7f45bD4E5BDAA4EA037f48,Dhannyaa's Vault
0x8a0302c9a1a63d8CC573BD1c3f8d871536a59232,Anushka's Vault
